{
  "03_03_26_xavier_mental_mental_command_windows.npy": {
    "flat": {
      "bal_acc": 0.7450617283950616,
      "f1": 0.746139197470297
    },
    "hier": {
      "bal_acc": 0.7197530864197531,
      "f1": 0.7219358757083544
    },
    "binary_lr": 0.8175925925925928
  }
}